language, n, time
c, 1000000,0.012089
javascript, 1000000, 0.01713
